"0","library(textclean)"
"0","library(tm)"
"0",""
"0","# Combine columns"
"0","boards$text <- with(boards, paste(category, clue, answer, sep="" ""))"
"0",""
"0","# Clean and preprocess text"
"0","boards$clean_text <- boards$text %>%"
"0","  tolower() %>%"
"0","  replace_non_ascii() %>%"
"0","  stripWhitespace() %>%"
"0","  removePunctuation() %>%"
"0","  removeWords(stopwords(""en""))"
"0",""
"0","# Optionally, apply stemming"
"0","boards$clean_text <- tm::stemDocument(boards$clean_text)"
"0",""
