"0","# Merge the boards and scores dataframes based on the primary key"
"0","merged_data <- inner_join(boards_with_topics, complete_scores, by = c(""i"", ""game""))"
"0",""
"0","# Create a function to categorize cumulative scores"
"0","categorize_score <- function(score) {"
"0","  if (score < 2500) {"
"0","    return(""Low"")"
"0","  } else if (score >= 2500 & score < 10000) {"
"0","    return(""Medium"")"
"0","  } else {"
"0","    return(""High"")"
"0","  }"
"0","}"
"0",""
"0","# Add a column for cumulative score category"
"0","merged_data$score_category <- sapply(merged_data$cumulative_score, categorize_score)"
"0",""
"0","# Calculate the percentage of correct answers for each metacategory and score category"
"0","performance_analysis <- merged_data %>%"
"0","  group_by(metacategory, score_category) %>%"
"0","  summarize("
"0","    total_questions = n(),"
"0","    correct_answers = sum(score > 0),"
"0","    percentage_correct = correct_answers / total_questions * 100"
"0","  )"
"0",""
"0","# Display the performance analysis results"
"0","knitr::kable(performance_analysis)"
